Wildberries,Unknown Product,https://www.wildberries.ru/catalog/12801485/detail.aspx,0.0,2024-09-17 19:23:27.653372
Wildberries,Unknown Product,https://www.wildberries.ru,0.0,2024-09-17 21:12:41.585613
Wildberries,Unknown Product,https://www.wildberries.ruhttps://www.wildberries.ru/catalog/188231132/detail.aspx,0.0,2024-09-17 21:17:54.992382
Wildberries,Unknown Product,https://www.wildberries.ruhttps://www.wildberries.ru/catalog/13738266/detail.aspx,0.0,2024-09-17 21:19:07.031481
Wildberries,/ Игрушечное копье Геншин Импакт Сегун Райден Genshin Impact,https://www.wildberries.ru/catalog/173574127/detail.aspx,1703.0,2024-09-17 21:31:49.479321
Wildberries,/ Игрушечное копье Геншин Импакт Сегун Райден Genshin Impact,https://www.wildberries.ru/catalog/173574127/detail.aspx,1703.0,2024-09-17 21:35:54.308093
Wildberries,/ Игрушечное копье Геншин Импакт Сегун Райден Genshin Impact,https://www.wildberries.ru/catalog/173574127/detail.aspx,1703.0,2024-09-17 21:39:50.451127
Wildberries,/ Игрушечное копье Геншин Импакт Сегун Райден Genshin Impact,https://www.wildberries.ru/catalog/173574127/detail.aspx,1703.0,2024-09-17 21:44:08.551748
Wildberries,/ Игрушечное копье Геншин Импакт Сегун Райден Genshin Impact,https://www.wildberries.ru/catalog/173574127/detail.aspx,1703.0,2024-09-17 21:46:37.604516
Wildberries,/ Скарификатор с боковым копьем 10 шт,https://www.wildberries.ru/catalog/94826186/detail.aspx,73.0,2024-09-17 21:50:42.519522
Wildberries,/ Скарификатор с боковым копьем 10 шт,https://www.wildberries.ru/catalog/94826186/detail.aspx,73.0,2024-09-17 22:02:09.816230
Wildberries,"/ Дуршлаг пластиковый, сито для риса, круп, рисомойка",https://www.wildberries.ru/catalog/174112976/detail.aspx,87.0,2024-09-17 22:02:31.208914
Wildberries,/ Носки Мак на Дедке,https://www.wildberries.ru/catalog/145275331/detail.aspx,57.0,2024-09-17 22:02:52.611311
Wildberries,/ Леска рыболовная для фидера,https://www.wildberries.ru/catalog/216964392/detail.aspx,98.0,2024-09-17 22:03:13.926942
Wildberries,/ Игрушечное копье Геншин Импакт Сегун Райден Genshin Impact,https://www.wildberries.ru/catalog/173574127/detail.aspx,1703.0,2024-09-17 22:21:56.498651
Wildberries,/ Игрушечное копье Геншин Импакт Сегун Райден Genshin Impact,https://www.wildberries.ru/catalog/173574127/detail.aspx,1703.0,2024-09-17 22:22:45.146826
Wildberries,/ Дуршлаг складной с ручкой,https://www.wildberries.ru/catalog/165881928/detail.aspx,313.0,2024-09-17 22:23:01.717931
Wildberries,/ Игрушечное копье Геншин Импакт Сегун Райден Genshin Impact,https://www.wildberries.ru/catalog/173574127/detail.aspx,1703.0,2024-09-17 22:24:02.755817
Wildberries,/ Игрушечное копье Геншин Импакт Сегун Райден Genshin Impact,https://www.wildberries.ru/catalog/173574127/detail.aspx,1703.0,2024-09-17 22:25:43.906168
Wildberries,/ Игрушечное копье Геншин Импакт Сегун Райден Genshin Impact,https://www.wildberries.ru/catalog/173574127/detail.aspx,1703.0,2024-09-17 22:27:44.998848
Wildberries,/ Скарификатор с боковым копьем 10 шт,https://www.wildberries.ru/catalog/94826186/detail.aspx,73.0,2024-09-17 22:29:34.105338
Wildberries,"/ Дуршлаг пластиковый, сито для риса, круп, рисомойка",https://www.wildberries.ru/catalog/174112976/detail.aspx,90.0,2024-09-17 22:29:51.426742
